Ovos escalfados,bom e sem gordura,3,true
 Spice & honey salmon with couscous ,The fish doesn't need to marinate for long to take on all the Moroccan flavours in this dish, 30 mins,false
 Salted caramel pecan sour ,"A modern version of the classic sour cocktail, this is the ultimate Christmas drink. Salted caramel and Icelandic vodka make an irresistible mix", 20 mins,false
 Fish stock ,A fantastic stock to add depth of flavour to your favourite fish dishes. This basic recipe takes just half an hour to make and only a handful of ingredients, 35 mins,false
 Caramel squares ,"A crunchy base, thick chocolate and sweet caramel; these gooey teatime treats bring back nostalgic memories for Jane Hornby", 1 hour and 6 mins,false
Teste para 6,descripotion 54,45,false
 Tofu & spinach cannelloni ,"Tasty tofu is a vegetarian's best friend and this cannelloni dish, packed with protein and iron, is sure to be a freezable favourite...", 1 hour and 25 mins,false
Mustard mash,"An excellent, tangy mash which will work well with dishes that tingle the tastebuds",50 mins,true
Tasty cottage pie with parsnip mash,A classic reborn; a low-fat beef mince pie with a parsnip topping,1 hour and 45 mins,false
"","","",false
another test,another test,muito tempo,false
